{
	"credit": "Created by Stridey",
	"textures": {
		"0": "block/lily_pad",
		"particle": "block/lily_pad"
	},
	"elements": [
		{
			"name": "lily_pad_0",
			"from": [4, 0, 1],
			"to": [7, 1, 14],
			"faces": {
				"north": {"uv": [7, 1, 4, 2], "texture": "#0"},
				"east": {"uv": [6, 1, 7, 14], "rotation": 90, "texture": "#0"},
				"south": {"uv": [4, 13, 7, 14], "texture": "#0"},
				"west": {"uv": [4, 1, 5, 14], "rotation": 270, "texture": "#0"},
				"up": {"uv": [4, 1, 7, 14], "texture": "#0"},
				"down": {"uv": [4, 14, 7, 1], "texture": "#0", "cullface": "down"}
			}
		},
		{
			"name": "lily_pad_1",
			"from": [10, 0, 1],
			"to": [13, 1, 14],
			"faces": {
				"north": {"uv": [13, 1, 10, 2], "texture": "#0"},
				"east": {"uv": [12, 1, 13, 14], "rotation": 90, "texture": "#0"},
				"south": {"uv": [10, 13, 13, 14], "texture": "#0"},
				"west": {"uv": [10, 1, 11, 14], "rotation": 270, "texture": "#0"},
				"up": {"uv": [10, 1, 13, 14], "texture": "#0"},
				"down": {"uv": [10, 14, 13, 1], "texture": "#0", "cullface": "down"}
			}
		},
		{
			"name": "lily_pad_2",
			"from": [3, 0, 2],
			"to": [4, 1, 13],
			"faces": {
				"north": {"uv": [4, 2, 3, 3], "texture": "#0"},
				"south": {"uv": [3, 12, 4, 13], "texture": "#0"},
				"west": {"uv": [3, 2, 4, 13], "rotation": 270, "texture": "#0"},
				"up": {"uv": [3, 2, 4, 13], "texture": "#0"},
				"down": {"uv": [3, 13, 4, 2], "texture": "#0", "cullface": "down"}
			}
		},
		{
			"name": "lily_pad_3",
			"from": [13, 0, 2],
			"to": [14, 1, 13],
			"faces": {
				"north": {"uv": [14, 2, 13, 3], "texture": "#0"},
				"east": {"uv": [13, 2, 14, 13], "rotation": 90, "texture": "#0"},
				"south": {"uv": [13, 12, 14, 13], "texture": "#0"},
				"up": {"uv": [13, 2, 14, 13], "texture": "#0"},
				"down": {"uv": [13, 13, 14, 2], "texture": "#0", "cullface": "down"}
			}
		},
		{
			"name": "lily_pad_4",
			"from": [7, 0, 3],
			"to": [8, 1, 15],
			"faces": {
				"north": {"uv": [8, 3, 7, 4], "texture": "#0"},
				"east": {"uv": [7, 3, 8, 15], "rotation": 90, "texture": "#0"},
				"south": {"uv": [7, 14, 8, 15], "texture": "#0"},
				"up": {"uv": [7, 3, 8, 15], "texture": "#0"},
				"down": {"uv": [7, 15, 8, 3], "texture": "#0", "cullface": "down"}
			}
		},
		{
			"name": "lily_pad_5",
			"from": [9, 0, 3],
			"to": [10, 1, 15],
			"faces": {
				"north": {"uv": [10, 3, 9, 4], "texture": "#0"},
				"south": {"uv": [9, 14, 10, 15], "texture": "#0"},
				"west": {"uv": [9, 3, 10, 15], "rotation": 270, "texture": "#0"},
				"up": {"uv": [9, 3, 10, 15], "texture": "#0"},
				"down": {"uv": [9, 15, 10, 3], "texture": "#0", "cullface": "down"}
			}
		},
		{
			"name": "lily_pad_6",
			"from": [2, 0, 4],
			"to": [3, 1, 11],
			"faces": {
				"north": {"uv": [3, 4, 2, 5], "texture": "#0"},
				"south": {"uv": [2, 10, 3, 11], "texture": "#0"},
				"west": {"uv": [2, 4, 3, 11], "rotation": 270, "texture": "#0"},
				"up": {"uv": [2, 4, 3, 11], "texture": "#0"},
				"down": {"uv": [2, 11, 3, 4], "texture": "#0", "cullface": "down"}
			}
		},
		{
			"name": "lily_pad_7",
			"from": [14, 0, 4],
			"to": [15, 1, 11],
			"faces": {
				"north": {"uv": [15, 4, 14, 5], "texture": "#0"},
				"east": {"uv": [14, 4, 15, 11], "rotation": 90, "texture": "#0"},
				"south": {"uv": [14, 10, 15, 11], "texture": "#0"},
				"up": {"uv": [14, 4, 15, 11], "texture": "#0"},
				"down": {"uv": [14, 11, 15, 4], "texture": "#0", "cullface": "down"}
			}
		},
		{
			"name": "lily_pad_8",
			"from": [8, 0, 5],
			"to": [9, 1, 15],
			"faces": {
				"north": {"uv": [9, 5, 8, 6], "texture": "#0"},
				"south": {"uv": [8, 14, 9, 15], "texture": "#0"},
				"up": {"uv": [8, 5, 9, 15], "texture": "#0"},
				"down": {"uv": [8, 15, 9, 5], "texture": "#0", "cullface": "down"}
			}
		},
		{
			"name": "lily_pad_9",
			"from": [6, 0, 14],
			"to": [7, 1, 15],
			"faces": {
				"south": {"uv": [6, 14, 7, 15], "texture": "#0"},
				"west": {"uv": [6, 14, 7, 15], "rotation": 270, "texture": "#0"},
				"up": {"uv": [6, 14, 7, 15], "texture": "#0"},
				"down": {"uv": [6, 15, 7, 14], "texture": "#0", "cullface": "down"}
			}
		},
		{
			"name": "lily_pad_10",
			"from": [10, 0, 14],
			"to": [11, 1, 15],
			"faces": {
				"east": {"uv": [10, 14, 11, 15], "rotation": 90, "texture": "#0"},
				"south": {"uv": [10, 14, 11, 15], "texture": "#0"},
				"up": {"uv": [10, 14, 11, 15], "texture": "#0"},
				"down": {"uv": [10, 15, 11, 14], "texture": "#0", "cullface": "down"}
			}
		}
	],
	"groups": [
		{
			"name": "lily_pad",
			"origin": [8, 8, 8],
			"color": 0,
			"children": [0, 1, 2, 3, 4, 5, 6, 7, 8, 9, 10]
		}
	]
}
