{
  "variants": {
    "facing=east,sculk_sensor_phase=active": {
      "model": "minecraft:block/sculk/calibrated/active",
      "y": 90
    },
    "facing=east,sculk_sensor_phase=cooldown": {
      "model": "minecraft:block/sculk/calibrated/cooldown",
      "y": 90
    },
    "facing=east,sculk_sensor_phase=inactive": {
      "model": "minecraft:block/sculk/calibrated/inactive",
      "y": 90
    },
    "facing=north,sculk_sensor_phase=active": {
      "model": "minecraft:block/sculk/calibrated/active"
    },
    "facing=north,sculk_sensor_phase=cooldown": {
      "model": "minecraft:block/sculk/calibrated/cooldown"
    },
    "facing=north,sculk_sensor_phase=inactive": {
      "model": "minecraft:block/sculk/calibrated/inactive"
    },
    "facing=south,sculk_sensor_phase=active": {
      "model": "minecraft:block/sculk/calibrated/active",
      "y": 180
    },
    "facing=south,sculk_sensor_phase=cooldown": {
      "model": "minecraft:block/sculk/calibrated/cooldown",
      "y": 180
    },
    "facing=south,sculk_sensor_phase=inactive": {
      "model": "minecraft:block/sculk/calibrated/inactive",
      "y": 180
    },
    "facing=west,sculk_sensor_phase=active": {
      "model": "minecraft:block/sculk/calibrated/active",
      "y": 270
    },
    "facing=west,sculk_sensor_phase=cooldown": {
      "model": "minecraft:block/sculk/calibrated/cooldown",
      "y": 270
    },
    "facing=west,sculk_sensor_phase=inactive": {
      "model": "minecraft:block/sculk/calibrated/inactive",
      "y": 270
    }
  }
}
